url,subdir1,subdir2,current_datetime,total_images1,total_images2,changed_images,percentage_change,category,interval
aniwatchtv.to,1 min 1\aniwatchtv.to\aniwatchtv.to_1_1_1,1 min 1\aniwatchtv.to\aniwatchtv.to_1_1_2,2024-04-29 02:33:54,7,7,0,0.0,Entertainment,1 minute
aniwatchtv.to,1 min 1\aniwatchtv.to\aniwatchtv.to_1_1_2,1 min 1\aniwatchtv.to\aniwatchtv.to_1_1_3,2024-04-29 02:36:31,7,7,0,0.0,Entertainment,1 minute
es.aliexpress.com,1 min 1\es.aliexpress.com\es.aliexpress.com_1_1_1,1 min 1\es.aliexpress.com\es.aliexpress.com_1_1_2,2024-04-29 03:32:21,152,88,0,0.0,Online Retail,1 minute
finance.yahoo.com,1 min 1\finance.yahoo.com\finance.yahoo.com_1_1_1,1 min 1\finance.yahoo.com\finance.yahoo.com_1_1_2,2024-04-29 03:22:32,71,29,18,25.352112676056336,Economy/Finance,1 minute
finance.yahoo.com,1 min 1\finance.yahoo.com\finance.yahoo.com_1_1_2,1 min 1\finance.yahoo.com\finance.yahoo.com_1_1_3,2024-04-29 03:24:47,29,79,18,62.06896551724138,Economy/Finance,1 minute
health.findanyanswer.net,1 min 1\health.findanyanswer.net\health.findanyanswer.net_1_1_1,1 min 1\health.findanyanswer.net\health.findanyanswer.net_1_1_2,2024-04-29 02:35:54,16,16,0,0.0,Health,1 minute
pubmed.ncbi.nlm.nih.gov,1 min 1\pubmed.ncbi.nlm.nih.gov\pubmed.ncbi.nlm.nih.gov_1_1_1,1 min 1\pubmed.ncbi.nlm.nih.gov\pubmed.ncbi.nlm.nih.gov_1_1_2,2024-04-29 02:53:56,1,1,0,0.0,Government,1 minute
pubmed.ncbi.nlm.nih.gov,1 min 1\pubmed.ncbi.nlm.nih.gov\pubmed.ncbi.nlm.nih.gov_1_1_2,1 min 1\pubmed.ncbi.nlm.nih.gov\pubmed.ncbi.nlm.nih.gov_1_1_3,2024-04-29 02:55:06,1,1,0,0.0,Government,1 minute
pubmed.ncbi.nlm.nih.gov,1 min 1\pubmed.ncbi.nlm.nih.gov\pubmed.ncbi.nlm.nih.gov_1_1_3,1 min 1\pubmed.ncbi.nlm.nih.gov\pubmed.ncbi.nlm.nih.gov_1_1_4,2024-04-29 02:55:58,1,1,0,0.0,Government,1 minute
stackoverflow.com,1 min 1\stackoverflow.com\stackoverflow.com_1_1_1,1 min 1\stackoverflow.com\stackoverflow.com_1_1_2,2024-04-29 02:25:30,29,29,0,0.0,Education,1 minute
stackoverflow.com,1 min 1\stackoverflow.com\stackoverflow.com_1_1_2,1 min 1\stackoverflow.com\stackoverflow.com_1_1_3,2024-04-27 18:19:37,29,12,0,0.0,Education,1 minute
weather.com,1 min 1\weather.com\weather.com_1_1_1,1 min 1\weather.com\weather.com_1_1_2,2024-04-29 02:36:38,1,0,0,0.0,Weather,1 minute
weathernews.jp,1 min 1\weathernews.jp\weathernews.jp_1_1_1,1 min 1\weathernews.jp\weathernews.jp_1_1_2,2024-04-29 02:53:19,53,46,0,0.0,Weather,1 minute
weathernews.jp,1 min 1\weathernews.jp\weathernews.jp_1_1_2,1 min 1\weathernews.jp\weathernews.jp_1_1_3,2024-04-29 02:55:05,46,46,0,0.0,Weather,1 minute
www.amazon.com.tr,1 min 1\www.amazon.com.tr\www.amazon.com.tr_1_1_1,1 min 1\www.amazon.com.tr\www.amazon.com.tr_1_1_2,2024-04-29 03:12:31,276,10,0,0.0,Online Retail,1 minute
www.amazon.com.tr,1 min 1\www.amazon.com.tr\www.amazon.com.tr_1_1_2,1 min 1\www.amazon.com.tr\www.amazon.com.tr_1_1_3,2024-04-29 03:13:15,10,205,0,0.0,Online Retail,1 minute
www.bbc.co.uk,1 min 1\www.bbc.co.uk\www.bbc.co.uk_1_1_1,1 min 1\www.bbc.co.uk\www.bbc.co.uk_1_1_2,2024-04-29 03:23:40,73,60,0,0.0,News,1 minute
www.bbc.co.uk,1 min 1\www.bbc.co.uk\www.bbc.co.uk_1_1_2,1 min 1\www.bbc.co.uk\www.bbc.co.uk_1_1_3,2024-04-29 03:25:22,60,60,0,0.0,News,1 minute
www.bloomberg.com,1 min 1\www.bloomberg.com\www.bloomberg.com_1_1_1,1 min 1\www.bloomberg.com\www.bloomberg.com_1_1_2,2024-04-29 03:24:19,15,15,3,20.0,Economy/Finance,1 minute
www.cnn.com,1 min 1\www.cnn.com\www.cnn.com_1_1_1,1 min 1\www.cnn.com\www.cnn.com_1_1_2,2024-04-29 03:12:27,67,42,0,0.0,News,1 minute
www.cricbuzz.com,1 min 1\www.cricbuzz.com\www.cricbuzz.com_1_1_1,1 min 1\www.cricbuzz.com\www.cricbuzz.com_1_1_2,2024-04-29 02:54:55,65,49,0,0.0,Sports,1 minute
www.diretta.it,1 min 1\www.diretta.it\www.diretta.it_1_1_1,1 min 1\www.diretta.it\www.diretta.it_1_1_2,2024-04-29 03:13:12,968,240,0,0.0,Sports,1 minute
www.doubtnut.com,1 min 1\www.doubtnut.com\www.doubtnut.com_1_1_1,1 min 1\www.doubtnut.com\www.doubtnut.com_1_1_2,2024-04-29 02:52:58,12,12,0,0.0,Education,1 minute
www.doubtnut.com,1 min 1\www.doubtnut.com\www.doubtnut.com_1_1_2,1 min 1\www.doubtnut.com\www.doubtnut.com_1_1_3,2024-04-29 02:54:20,12,12,0,0.0,Education,1 minute
www.dzexams.com,1 min 1\www.dzexams.com\www.dzexams.com_1_1_1,1 min 1\www.dzexams.com\www.dzexams.com_1_1_2,2024-04-29 02:36:00,6,6,0,0.0,Education,1 minute
www.ebay.com,1 min 1\www.ebay.com\www.ebay.com_1_1_1,1 min 1\www.ebay.com\www.ebay.com_1_1_2,2024-04-29 02:54:17,14,13,1,7.142857142857142,Online Retail,1 minute
www.ebay.com,1 min 1\www.ebay.com\www.ebay.com_1_1_2,1 min 1\www.ebay.com\www.ebay.com_1_1_3,2024-04-29 02:55:57,13,12,0,0.0,Online Retail,1 minute
www.goojara.to,1 min 1\www.goojara.to\www.goojara.to_1_1_1,1 min 1\www.goojara.to\www.goojara.to_1_1_2,2024-04-29 02:23:08,7,7,0,0.0,Entertainment,1 minute
www.goojara.to,1 min 1\www.goojara.to\www.goojara.to_1_1_2,1 min 1\www.goojara.to\www.goojara.to_1_1_3,2024-04-29 02:24:09,7,7,0,0.0,Entertainment,1 minute
www.goojara.to,1 min 1\www.goojara.to\www.goojara.to_1_1_3,1 min 1\www.goojara.to\www.goojara.to_1_1_4,2024-04-29 02:25:24,7,7,0,0.0,Entertainment,1 minute
www.gov.br,1 min 1\www.gov.br\www.gov.br_1_1_1,1 min 1\www.gov.br\www.gov.br_1_1_2,2024-04-29 02:38:22,13,13,0,0.0,Government,1 minute
www.gov.uk,1 min 1\www.gov.uk\www.gov.uk_1_1_1,1 min 1\www.gov.uk\www.gov.uk_1_1_2,2024-04-29 02:23:40,3,3,0,0.0,Government,1 minute
www.gov.uk,1 min 1\www.gov.uk\www.gov.uk_1_1_2,1 min 1\www.gov.uk\www.gov.uk_1_1_3,2024-04-29 02:25:10,3,3,0,0.0,Government,1 minute
www.gov.uk,1 min 1\www.gov.uk\www.gov.uk_1_1_3,1 min 1\www.gov.uk\www.gov.uk_1_1_4,2024-04-27 19:33:02,3,3,0,0.0,Government,1 minute
www.healthline.com,1 min 1\www.healthline.com\www.healthline.com_1_1_1,1 min 1\www.healthline.com\www.healthline.com_1_1_2,2024-04-29 02:24:05,62,62,15,24.193548387096776,Health,1 minute
www.lemonde.fr,1 min 1\www.lemonde.fr\www.lemonde.fr_1_1_1,1 min 1\www.lemonde.fr\www.lemonde.fr_1_1_2,2024-04-29 02:25:40,92,92,2,2.1739130434782608,News,1 minute
www.livescore.com,1 min 1\www.livescore.com\www.livescore.com_1_1_1,1 min 1\www.livescore.com\www.livescore.com_1_1_2,2024-04-29 02:25:48,55,46,0,0.0,Sports,1 minute
www.netflix.com,1 min 1\www.netflix.com\www.netflix.com_1_1_1,1 min 1\www.netflix.com\www.netflix.com_1_1_2,2024-04-29 02:36:39,8,7,0,0.0,Entertainment,1 minute
www.netflix.com,1 min 1\www.netflix.com\www.netflix.com_1_1_2,1 min 1\www.netflix.com\www.netflix.com_1_1_3,2024-04-29 02:37:55,7,7,0,0.0,Entertainment,1 minute
www.nikkansports.com,1 min 1\www.nikkansports.com\www.nikkansports.com_1_1_1,1 min 1\www.nikkansports.com\www.nikkansports.com_1_1_2,2024-04-29 02:38:28,10,10,0,0.0,Sports,1 minute
www.paypal.com,1 min 1\www.paypal.com\www.paypal.com_1_1_1,1 min 1\www.paypal.com\www.paypal.com_1_1_2,2024-04-29 02:52:32,18,19,10,55.55555555555556,Economy/Finance,1 minute
www.paypal.com,1 min 1\www.paypal.com\www.paypal.com_1_1_2,1 min 1\www.paypal.com\www.paypal.com_1_1_3,2024-04-29 02:54:03,19,18,6,31.57894736842105,Economy/Finance,1 minute
www.primevideo.com,1 min 1\www.primevideo.com\www.primevideo.com_1_1_1,1 min 1\www.primevideo.com\www.primevideo.com_1_1_2,2024-04-29 02:53:21,6,6,0,0.0,Entertainment,1 minute
www.primevideo.com,1 min 1\www.primevideo.com\www.primevideo.com_1_1_2,1 min 1\www.primevideo.com\www.primevideo.com_1_1_3,2024-04-29 02:54:33,6,6,0,0.0,Entertainment,1 minute
www.primevideo.com,1 min 1\www.primevideo.com\www.primevideo.com_1_1_3,1 min 1\www.primevideo.com\www.primevideo.com_1_1_4,2024-04-29 02:55:34,6,6,0,0.0,Entertainment,1 minute
www.starhealth.in,1 min 1\www.starhealth.in\www.starhealth.in_1_1_1,1 min 1\www.starhealth.in\www.starhealth.in_1_1_2,2024-04-29 02:53:12,1,0,0,0.0,Health,1 minute
www.starhealth.in,1 min 1\www.starhealth.in\www.starhealth.in_1_1_2,1 min 1\www.starhealth.in\www.starhealth.in_1_1_3,2024-04-29 02:54:56,0,0,0,0.0,Health,1 minute
www.tjk.org,1 min 1\www.tjk.org\www.tjk.org_1_1_1,1 min 1\www.tjk.org\www.tjk.org_1_1_2,2024-04-29 02:24:02,34,33,0,0.0,Weather,1 minute
www.tjk.org,1 min 1\www.tjk.org\www.tjk.org_1_1_2,1 min 1\www.tjk.org\www.tjk.org_1_1_3,2024-04-29 02:25:28,33,3,0,0.0,Weather,1 minute
www.turkiye.gov.tr,1 min 1\www.turkiye.gov.tr\www.turkiye.gov.tr_1_1_1,1 min 1\www.turkiye.gov.tr\www.turkiye.gov.tr_1_1_2,2024-04-29 02:35:17,30,30,0,0.0,Government,1 minute
www.typing.com,1 min 1\www.typing.com\www.typing.com_1_1_1,1 min 1\www.typing.com\www.typing.com_1_1_2,2024-04-29 02:23:13,21,21,0,0.0,Education,1 minute
www.typing.com,1 min 1\www.typing.com\www.typing.com_1_1_2,1 min 1\www.typing.com\www.typing.com_1_1_3,2024-04-29 02:25:23,21,20,0,0.0,Education,1 minute
www.verywellhealth.com,1 min 1\www.verywellhealth.com\www.verywellhealth.com_1_1_1,1 min 1\www.verywellhealth.com\www.verywellhealth.com_1_1_2,2024-04-29 02:24:31,22,21,0,0.0,Health,1 minute
www.verywellhealth.com,1 min 1\www.verywellhealth.com\www.verywellhealth.com_1_1_2,1 min 1\www.verywellhealth.com\www.verywellhealth.com_1_1_3,2024-04-29 02:25:57,21,21,0,0.0,Health,1 minute
aniwatchtv.to,5 min 1\aniwatchtv.to\aniwatchtv.to_5_1_1,5 min 1\aniwatchtv.to\aniwatchtv.to_5_1_2,2024-04-27 20:23:07,8,0,0,0.0,Entertainment,5 minutes
es.aliexpress.com,5 min 1\es.aliexpress.com\es.aliexpress.com_5_1_1,5 min 1\es.aliexpress.com\es.aliexpress.com_5_1_2,2024-04-29 00:37:57,87,88,1,1.1494252873563218,Online Retail,5 minutes
es.aliexpress.com,5 min 1\es.aliexpress.com\es.aliexpress.com_5_1_2,5 min 1\es.aliexpress.com\es.aliexpress.com_5_1_3,2024-04-29 00:46:25,88,88,1,1.1363636363636365,Online Retail,5 minutes
finance.yahoo.com,5 min 1\finance.yahoo.com\finance.yahoo.com_5_1_1,5 min 1\finance.yahoo.com\finance.yahoo.com_5_1_2,2024-04-27 20:21:11,39,39,0,0.0,Economy/Finance,5 minutes
finance.yahoo.com,5 min 1\finance.yahoo.com\finance.yahoo.com_5_1_2,5 min 1\finance.yahoo.com\finance.yahoo.com_5_1_3,2024-04-27 20:29:06,39,39,0,0.0,Economy/Finance,5 minutes
health.findanyanswer.net,5 min 1\health.findanyanswer.net\health.findanyanswer.net_5_1_1,5 min 1\health.findanyanswer.net\health.findanyanswer.net_5_1_2,2024-04-27 20:38:01,0,0,0,0.0,Health,5 minutes
pubmed.ncbi.nlm.nih.gov,5 min 1\pubmed.ncbi.nlm.nih.gov\pubmed.ncbi.nlm.nih.gov_5_1_1,5 min 1\pubmed.ncbi.nlm.nih.gov\pubmed.ncbi.nlm.nih.gov_5_1_2,2024-04-27 20:26:05,0,0,0,0.0,Government,5 minutes
pubmed.ncbi.nlm.nih.gov,5 min 1\pubmed.ncbi.nlm.nih.gov\pubmed.ncbi.nlm.nih.gov_5_1_2,5 min 1\pubmed.ncbi.nlm.nih.gov\pubmed.ncbi.nlm.nih.gov_5_1_3,2024-04-27 20:33:32,0,0,0,0.0,Government,5 minutes
stackoverflow.com,5 min 1\stackoverflow.com\stackoverflow.com_5_1_1,5 min 1\stackoverflow.com\stackoverflow.com_5_1_2,2024-04-27 20:18:42,15,12,12,80.0,Education,5 minutes
stackoverflow.com,5 min 1\stackoverflow.com\stackoverflow.com_5_1_2,5 min 1\stackoverflow.com\stackoverflow.com_5_1_3,2024-04-27 20:24:13,12,12,0,0.0,Education,5 minutes
stackoverflow.com,5 min 1\stackoverflow.com\stackoverflow.com_5_1_3,5 min 1\stackoverflow.com\stackoverflow.com_5_1_4,2024-04-27 20:39:18,12,7,6,50.0,Education,5 minutes
weather.com,5 min 1\weather.com\weather.com_5_1_1,5 min 1\weather.com\weather.com_5_1_2,2024-04-27 20:31:51,1,1,0,0.0,Weather,5 minutes
weathernews.jp,5 min 1\weathernews.jp\weathernews.jp_5_1_1,5 min 1\weathernews.jp\weathernews.jp_5_1_2,2024-04-29 00:34:12,46,46,0,0.0,Weather,5 minutes
weathernews.jp,5 min 1\weathernews.jp\weathernews.jp_5_1_2,5 min 1\weathernews.jp\weathernews.jp_5_1_3,2024-04-29 00:39:08,46,46,0,0.0,Weather,5 minutes
weathernews.jp,5 min 1\weathernews.jp\weathernews.jp_5_1_3,5 min 1\weathernews.jp\weathernews.jp_5_1_4,2024-04-29 00:43:59,46,46,0,0.0,Weather,5 minutes
www.amazon.com.tr,5 min 1\www.amazon.com.tr\www.amazon.com.tr_5_1_1,5 min 1\www.amazon.com.tr\www.amazon.com.tr_5_1_2,2024-04-27 20:20:43,207,10,0,0.0,Online Retail,5 minutes
www.amazon.com.tr,5 min 1\www.amazon.com.tr\www.amazon.com.tr_5_1_2,5 min 1\www.amazon.com.tr\www.amazon.com.tr_5_1_3,2024-04-27 20:26:18,10,191,0,0.0,Online Retail,5 minutes
www.bbc.co.uk,5 min 1\www.bbc.co.uk\www.bbc.co.uk_5_1_1,5 min 1\www.bbc.co.uk\www.bbc.co.uk_5_1_2,2024-04-27 20:20:04,60,60,0,0.0,News,5 minutes
www.bbc.co.uk,5 min 1\www.bbc.co.uk\www.bbc.co.uk_5_1_2,5 min 1\www.bbc.co.uk\www.bbc.co.uk_5_1_3,2024-04-27 20:27:00,60,58,0,0.0,News,5 minutes
www.bloomberg.com,5 min 1\www.bloomberg.com\www.bloomberg.com_5_1_1,5 min 1\www.bloomberg.com\www.bloomberg.com_5_1_2,2024-04-27 20:23:40,0,0,0,0.0,Economy/Finance,5 minutes
www.bloomberg.com,5 min 1\www.bloomberg.com\www.bloomberg.com_5_1_2,5 min 1\www.bloomberg.com\www.bloomberg.com_5_1_3,2024-04-27 20:33:16,0,0,0,0.0,Economy/Finance,5 minutes
www.cnn.com,5 min 1\www.cnn.com\www.cnn.com_5_1_1,5 min 1\www.cnn.com\www.cnn.com_5_1_2,2024-04-27 21:41:38,42,42,0,0.0,News,5 minutes
www.cnn.com,5 min 1\www.cnn.com\www.cnn.com_5_1_2,5 min 1\www.cnn.com\www.cnn.com_5_1_3,2024-04-27 21:53:22,42,40,13,30.952380952380956,News,5 minutes
www.cricbuzz.com,5 min 1\www.cricbuzz.com\www.cricbuzz.com_5_1_1,5 min 1\www.cricbuzz.com\www.cricbuzz.com_5_1_2,2024-04-29 00:34:35,48,49,0,0.0,Sports,5 minutes
www.cricbuzz.com,5 min 1\www.cricbuzz.com\www.cricbuzz.com_5_1_2,5 min 1\www.cricbuzz.com\www.cricbuzz.com_5_1_3,2024-04-29 00:40:21,49,49,0,0.0,Sports,5 minutes
www.cricbuzz.com,5 min 1\www.cricbuzz.com\www.cricbuzz.com_5_1_3,5 min 1\www.cricbuzz.com\www.cricbuzz.com_5_1_4,2024-04-29 00:45:33,49,49,0,0.0,Sports,5 minutes
www.diretta.it,5 min 1\www.diretta.it\www.diretta.it_5_1_1,5 min 1\www.diretta.it\www.diretta.it_5_1_2,2024-04-29 00:35:39,286,284,0,0.0,Sports,5 minutes
www.diretta.it,5 min 1\www.diretta.it\www.diretta.it_5_1_2,5 min 1\www.diretta.it\www.diretta.it_5_1_3,2024-04-29 00:40:59,284,284,0,0.0,Sports,5 minutes
www.diretta.it,5 min 1\www.diretta.it\www.diretta.it_5_1_3,5 min 1\www.diretta.it\www.diretta.it_5_1_4,2024-04-29 00:46:25,284,284,0,0.0,Sports,5 minutes
www.doubtnut.com,5 min 1\www.doubtnut.com\www.doubtnut.com_5_1_1,5 min 1\www.doubtnut.com\www.doubtnut.com_5_1_2,2024-04-29 00:35:07,12,12,0,0.0,Education,5 minutes
www.doubtnut.com,5 min 1\www.doubtnut.com\www.doubtnut.com_5_1_2,5 min 1\www.doubtnut.com\www.doubtnut.com_5_1_3,2024-04-29 00:39:54,12,12,0,0.0,Education,5 minutes
www.doubtnut.com,5 min 1\www.doubtnut.com\www.doubtnut.com_5_1_3,5 min 1\www.doubtnut.com\www.doubtnut.com_5_1_4,2024-04-29 00:44:42,12,12,0,0.0,Education,5 minutes
www.dzexams.com,5 min 1\www.dzexams.com\www.dzexams.com_5_1_1,5 min 1\www.dzexams.com\www.dzexams.com_5_1_2,2024-04-27 20:23:32,5,0,0,0.0,Education,5 minutes
www.ebay.com,5 min 1\www.ebay.com\www.ebay.com_5_1_1,5 min 1\www.ebay.com\www.ebay.com_5_1_2,2024-04-27 20:37:19,12,13,0,0.0,Online Retail,5 minutes
www.goojara.to,5 min 1\www.goojara.to\www.goojara.to_5_1_1,5 min 1\www.goojara.to\www.goojara.to_5_1_2,2024-04-27 20:19:51,6,7,0,0.0,Entertainment,5 minutes
www.goojara.to,5 min 1\www.goojara.to\www.goojara.to_5_1_2,5 min 1\www.goojara.to\www.goojara.to_5_1_3,2024-04-27 20:25:14,7,7,0,0.0,Entertainment,5 minutes
www.goojara.to,5 min 1\www.goojara.to\www.goojara.to_5_1_3,5 min 1\www.goojara.to\www.goojara.to_5_1_4,2024-04-27 20:30:45,7,7,0,0.0,Entertainment,5 minutes
www.gov.br,5 min 1\www.gov.br\www.gov.br_5_1_1,5 min 1\www.gov.br\www.gov.br_5_1_2,2024-04-27 21:42:39,13,13,0,0.0,Government,5 minutes
www.gov.br,5 min 1\www.gov.br\www.gov.br_5_1_2,5 min 1\www.gov.br\www.gov.br_5_1_3,2024-04-27 21:51:40,13,13,0,0.0,Government,5 minutes
www.gov.uk,5 min 1\www.gov.uk\www.gov.uk_5_1_1,5 min 1\www.gov.uk\www.gov.uk_5_1_2,2024-04-27 20:17:51,3,3,0,0.0,Government,5 minutes
www.gov.uk,5 min 1\www.gov.uk\www.gov.uk_5_1_2,5 min 1\www.gov.uk\www.gov.uk_5_1_3,2024-04-27 20:23:05,3,3,0,0.0,Government,5 minutes
www.gov.uk,5 min 1\www.gov.uk\www.gov.uk_5_1_3,5 min 1\www.gov.uk\www.gov.uk_5_1_4,2024-04-27 20:28:24,3,3,0,0.0,Government,5 minutes
www.healthline.com,5 min 1\www.healthline.com\www.healthline.com_5_1_1,5 min 1\www.healthline.com\www.healthline.com_5_1_2,2024-04-29 00:35:27,38,38,0,0.0,Health,5 minutes
www.healthline.com,5 min 1\www.healthline.com\www.healthline.com_5_1_2,5 min 1\www.healthline.com\www.healthline.com_5_1_3,2024-04-29 00:40:31,38,38,0,0.0,Health,5 minutes
www.healthline.com,5 min 1\www.healthline.com\www.healthline.com_5_1_3,5 min 1\www.healthline.com\www.healthline.com_5_1_4,2024-04-29 00:45:31,38,38,0,0.0,Health,5 minutes
www.lemonde.fr,5 min 1\www.lemonde.fr\www.lemonde.fr_5_1_1,5 min 1\www.lemonde.fr\www.lemonde.fr_5_1_2,2024-04-27 20:18:10,23,25,1,4.3478260869565215,News,5 minutes
www.lemonde.fr,5 min 1\www.lemonde.fr\www.lemonde.fr_5_1_2,5 min 1\www.lemonde.fr\www.lemonde.fr_5_1_3,2024-04-27 20:23:56,25,23,1,4.0,News,5 minutes
www.lemonde.fr,5 min 1\www.lemonde.fr\www.lemonde.fr_5_1_3,5 min 1\www.lemonde.fr\www.lemonde.fr_5_1_4,2024-04-27 20:30:27,23,24,1,4.3478260869565215,News,5 minutes
www.livescore.com,5 min 1\www.livescore.com\www.livescore.com_5_1_1,5 min 1\www.livescore.com\www.livescore.com_5_1_2,2024-04-27 20:22:11,42,11,0,0.0,Sports,5 minutes
www.livescore.com,5 min 1\www.livescore.com\www.livescore.com_5_1_2,5 min 1\www.livescore.com\www.livescore.com_5_1_3,2024-04-27 20:31:56,11,0,0,0.0,Sports,5 minutes
www.netflix.com,5 min 1\www.netflix.com\www.netflix.com_5_1_1,5 min 1\www.netflix.com\www.netflix.com_5_1_2,2024-04-27 20:30:56,6,5,0,0.0,Entertainment,5 minutes
www.nikkansports.com,5 min 1\www.nikkansports.com\www.nikkansports.com_5_1_1,5 min 1\www.nikkansports.com\www.nikkansports.com_5_1_2,2024-04-27 21:40:48,10,10,0,0.0,Sports,5 minutes
www.nikkansports.com,5 min 1\www.nikkansports.com\www.nikkansports.com_5_1_2,5 min 1\www.nikkansports.com\www.nikkansports.com_5_1_3,2024-04-27 21:48:00,10,10,0,0.0,Sports,5 minutes
www.paypal.com,5 min 1\www.paypal.com\www.paypal.com_5_1_1,5 min 1\www.paypal.com\www.paypal.com_5_1_2,2024-04-27 21:39:42,6,7,6,100.0,Economy/Finance,5 minutes
www.paypal.com,5 min 1\www.paypal.com\www.paypal.com_5_1_2,5 min 1\www.paypal.com\www.paypal.com_5_1_3,2024-04-27 21:45:56,7,6,6,85.71428571428571,Economy/Finance,5 minutes
www.paypal.com,5 min 1\www.paypal.com\www.paypal.com_5_1_3,5 min 1\www.paypal.com\www.paypal.com_5_1_4,2024-04-27 21:52:07,6,7,6,100.0,Economy/Finance,5 minutes
www.primevideo.com,5 min 1\www.primevideo.com\www.primevideo.com_5_1_1,5 min 1\www.primevideo.com\www.primevideo.com_5_1_2,2024-04-27 20:30:50,5,1,0,0.0,Entertainment,5 minutes
www.starhealth.in,5 min 1\www.starhealth.in\www.starhealth.in_5_1_1,5 min 1\www.starhealth.in\www.starhealth.in_5_1_2,2024-04-29 00:35:06,0,0,0,0.0,Health,5 minutes
www.starhealth.in,5 min 1\www.starhealth.in\www.starhealth.in_5_1_2,5 min 1\www.starhealth.in\www.starhealth.in_5_1_3,2024-04-29 00:39:52,0,0,0,0.0,Health,5 minutes
www.starhealth.in,5 min 1\www.starhealth.in\www.starhealth.in_5_1_3,5 min 1\www.starhealth.in\www.starhealth.in_5_1_4,2024-04-29 00:44:36,0,0,0,0.0,Health,5 minutes
www.tjk.org,5 min 1\www.tjk.org\www.tjk.org_5_1_1,5 min 1\www.tjk.org\www.tjk.org_5_1_2,2024-04-27 20:19:36,30,30,1,3.333333333333333,Weather,5 minutes
www.tjk.org,5 min 1\www.tjk.org\www.tjk.org_5_1_2,5 min 1\www.tjk.org\www.tjk.org_5_1_3,2024-04-27 20:26:02,30,30,1,3.333333333333333,Weather,5 minutes
www.tjk.org,5 min 1\www.tjk.org\www.tjk.org_5_1_3,5 min 1\www.tjk.org\www.tjk.org_5_1_4,2024-04-27 20:38:38,30,0,0,0.0,Weather,5 minutes
www.turkiye.gov.tr,5 min 1\www.turkiye.gov.tr\www.turkiye.gov.tr_5_1_1,5 min 1\www.turkiye.gov.tr\www.turkiye.gov.tr_5_1_2,2024-04-29 00:35:19,30,30,0,0.0,Government,5 minutes
www.turkiye.gov.tr,5 min 1\www.turkiye.gov.tr\www.turkiye.gov.tr_5_1_2,5 min 1\www.turkiye.gov.tr\www.turkiye.gov.tr_5_1_3,2024-04-29 00:40:17,30,30,0,0.0,Government,5 minutes
www.turkiye.gov.tr,5 min 1\www.turkiye.gov.tr\www.turkiye.gov.tr_5_1_3,5 min 1\www.turkiye.gov.tr\www.turkiye.gov.tr_5_1_4,2024-04-29 00:45:04,30,30,0,0.0,Government,5 minutes
www.typing.com,5 min 1\www.typing.com\www.typing.com_5_1_1,5 min 1\www.typing.com\www.typing.com_5_1_2,2024-04-27 20:19:00,20,20,0,0.0,Education,5 minutes
www.typing.com,5 min 1\www.typing.com\www.typing.com_5_1_2,5 min 1\www.typing.com\www.typing.com_5_1_3,2024-04-27 20:25:10,20,20,0,0.0,Education,5 minutes
www.typing.com,5 min 1\www.typing.com\www.typing.com_5_1_3,5 min 1\www.typing.com\www.typing.com_5_1_4,2024-04-27 20:33:02,20,7,0,0.0,Education,5 minutes
www.verywellhealth.com,5 min 1\www.verywellhealth.com\www.verywellhealth.com_5_1_1,5 min 1\www.verywellhealth.com\www.verywellhealth.com_5_1_2,2024-04-27 20:29:04,21,13,0,0.0,Health,5 minutes
aniwatchtv.to,5 min 2\aniwatchtv.to\aniwatchtv.to_5_2_1,5 min 2\aniwatchtv.to\aniwatchtv.to_5_2_2,2024-04-29 01:00:52,7,7,0,0.0,Entertainment,5 minutes
aniwatchtv.to,5 min 2\aniwatchtv.to\aniwatchtv.to_5_2_2,5 min 2\aniwatchtv.to\aniwatchtv.to_5_2_3,2024-04-29 01:05:15,7,7,0,0.0,Entertainment,5 minutes
aniwatchtv.to,5 min 2\aniwatchtv.to\aniwatchtv.to_5_2_3,5 min 2\aniwatchtv.to\aniwatchtv.to_5_2_4,2024-04-29 01:09:36,7,7,0,0.0,Entertainment,5 minutes
aniwatchtv.to,5 min 2\aniwatchtv.to\aniwatchtv.to_5_2_4,5 min 2\aniwatchtv.to\aniwatchtv.to_5_2_5,2024-04-29 01:13:59,7,7,0,0.0,Entertainment,5 minutes
es.aliexpress.com,5 min 2\es.aliexpress.com\es.aliexpress.com_5_2_1,5 min 2\es.aliexpress.com\es.aliexpress.com_5_2_2,2024-04-28 19:38:45,76,72,2,2.631578947368421,Online Retail,5 minutes
finance.yahoo.com,5 min 2\finance.yahoo.com\finance.yahoo.com_5_2_1,5 min 2\finance.yahoo.com\finance.yahoo.com_5_2_2,,30,0,0,0.0,Economy/Finance,5 minutes
health.findanyanswer.net,5 min 2\health.findanyanswer.net\health.findanyanswer.net_5_2_1,5 min 2\health.findanyanswer.net\health.findanyanswer.net_5_2_2,2024-04-29 01:01:07,16,16,0,0.0,Health,5 minutes
health.findanyanswer.net,5 min 2\health.findanyanswer.net\health.findanyanswer.net_5_2_2,5 min 2\health.findanyanswer.net\health.findanyanswer.net_5_2_3,2024-04-29 01:05:32,16,16,0,0.0,Health,5 minutes
health.findanyanswer.net,5 min 2\health.findanyanswer.net\health.findanyanswer.net_5_2_3,5 min 2\health.findanyanswer.net\health.findanyanswer.net_5_2_4,2024-04-29 01:10:02,16,16,0,0.0,Health,5 minutes
health.findanyanswer.net,5 min 2\health.findanyanswer.net\health.findanyanswer.net_5_2_4,5 min 2\health.findanyanswer.net\health.findanyanswer.net_5_2_5,2024-04-29 01:14:28,16,16,0,0.0,Health,5 minutes
pubmed.ncbi.nlm.nih.gov,5 min 2\pubmed.ncbi.nlm.nih.gov\pubmed.ncbi.nlm.nih.gov_5_2_1,5 min 2\pubmed.ncbi.nlm.nih.gov\pubmed.ncbi.nlm.nih.gov_5_2_2,2024-04-28 19:29:48,0,0,0,0.0,Government,5 minutes
pubmed.ncbi.nlm.nih.gov,5 min 2\pubmed.ncbi.nlm.nih.gov\pubmed.ncbi.nlm.nih.gov_5_2_2,5 min 2\pubmed.ncbi.nlm.nih.gov\pubmed.ncbi.nlm.nih.gov_5_2_3,2024-04-28 19:35:08,0,0,0,0.0,Government,5 minutes
pubmed.ncbi.nlm.nih.gov,5 min 2\pubmed.ncbi.nlm.nih.gov\pubmed.ncbi.nlm.nih.gov_5_2_3,5 min 2\pubmed.ncbi.nlm.nih.gov\pubmed.ncbi.nlm.nih.gov_5_2_4,2024-04-28 19:40:29,0,0,0,0.0,Government,5 minutes
stackoverflow.com,5 min 2\stackoverflow.com\stackoverflow.com_5_2_1,5 min 2\stackoverflow.com\stackoverflow.com_5_2_2,2024-04-28 19:41:05,12,12,0,0.0,Education,5 minutes
stackoverflow.com,5 min 2\stackoverflow.com\stackoverflow.com_5_2_2,5 min 2\stackoverflow.com\stackoverflow.com_5_2_3,,12,0,0,0.0,Education,5 minutes
weather.com,5 min 2\weather.com\weather.com_5_2_1,5 min 2\weather.com\weather.com_5_2_2,2024-04-28 19:16:30,1,0,0,0.0,Weather,5 minutes
weathernews.jp,5 min 2\weathernews.jp\weathernews.jp_5_2_1,5 min 2\weathernews.jp\weathernews.jp_5_2_2,2024-04-28 19:32:30,45,46,6,13.333333333333334,Weather,5 minutes
weathernews.jp,5 min 2\weathernews.jp\weathernews.jp_5_2_2,5 min 2\weathernews.jp\weathernews.jp_5_2_3,2024-04-28 19:39:30,46,46,6,13.043478260869565,Weather,5 minutes
www.amazon.com.tr,5 min 2\www.amazon.com.tr\www.amazon.com.tr_5_2_1,5 min 2\www.amazon.com.tr\www.amazon.com.tr_5_2_2,2024-04-28 20:01:42,204,196,2,0.9803921568627452,Online Retail,5 minutes
www.bbc.co.uk,5 min 2\www.bbc.co.uk\www.bbc.co.uk_5_2_1,5 min 2\www.bbc.co.uk\www.bbc.co.uk_5_2_2,2024-04-28 20:00:17,57,59,0,0.0,News,5 minutes
www.bloomberg.com,5 min 2\www.bloomberg.com\www.bloomberg.com_5_2_1,5 min 2\www.bloomberg.com\www.bloomberg.com_5_2_2,2024-04-28 19:04:42,0,0,0,0.0,Economy/Finance,5 minutes
www.bloomberg.com,5 min 2\www.bloomberg.com\www.bloomberg.com_5_2_2,5 min 2\www.bloomberg.com\www.bloomberg.com_5_2_3,2024-04-28 19:14:19,0,0,0,0.0,Economy/Finance,5 minutes
www.cnn.com,5 min 2\www.cnn.com\www.cnn.com_5_2_1,5 min 2\www.cnn.com\www.cnn.com_5_2_2,2024-04-29 01:03:30,42,42,0,0.0,News,5 minutes
www.cnn.com,5 min 2\www.cnn.com\www.cnn.com_5_2_2,5 min 2\www.cnn.com\www.cnn.com_5_2_3,2024-04-29 01:11:49,42,42,0,0.0,News,5 minutes
www.cricbuzz.com,5 min 2\www.cricbuzz.com\www.cricbuzz.com_5_2_1,5 min 2\www.cricbuzz.com\www.cricbuzz.com_5_2_2,2024-04-29 01:03:13,49,49,0,0.0,Sports,5 minutes
www.cricbuzz.com,5 min 2\www.cricbuzz.com\www.cricbuzz.com_5_2_2,5 min 2\www.cricbuzz.com\www.cricbuzz.com_5_2_3,2024-04-29 01:08:22,49,49,0,0.0,Sports,5 minutes
www.cricbuzz.com,5 min 2\www.cricbuzz.com\www.cricbuzz.com_5_2_3,5 min 2\www.cricbuzz.com\www.cricbuzz.com_5_2_4,2024-04-29 01:13:27,49,49,0,0.0,Sports,5 minutes
www.diretta.it,5 min 2\www.diretta.it\www.diretta.it_5_2_1,5 min 2\www.diretta.it\www.diretta.it_5_2_2,2024-04-29 01:04:41,280,254,0,0.0,Sports,5 minutes
www.diretta.it,5 min 2\www.diretta.it\www.diretta.it_5_2_2,5 min 2\www.diretta.it\www.diretta.it_5_2_3,2024-04-29 01:10:04,254,254,0,0.0,Sports,5 minutes
www.diretta.it,5 min 2\www.diretta.it\www.diretta.it_5_2_3,5 min 2\www.diretta.it\www.diretta.it_5_2_4,2024-04-29 01:15:39,254,252,0,0.0,Sports,5 minutes
www.doubtnut.com,5 min 2\www.doubtnut.com\www.doubtnut.com_5_2_1,5 min 2\www.doubtnut.com\www.doubtnut.com_5_2_2,2024-04-28 19:31:21,12,12,0,0.0,Education,5 minutes
www.doubtnut.com,5 min 2\www.doubtnut.com\www.doubtnut.com_5_2_2,5 min 2\www.doubtnut.com\www.doubtnut.com_5_2_3,2024-04-28 19:38:29,12,12,0,0.0,Education,5 minutes
www.dzexams.com,5 min 2\www.dzexams.com\www.dzexams.com_5_2_1,5 min 2\www.dzexams.com\www.dzexams.com_5_2_2,2024-04-28 19:09:17,3,0,0,0.0,Education,5 minutes
www.ebay.com,5 min 2\www.ebay.com\www.ebay.com_5_2_1,5 min 2\www.ebay.com\www.ebay.com_5_2_2,2024-04-28 19:32:22,12,13,0,0.0,Online Retail,5 minutes
www.ebay.com,5 min 2\www.ebay.com\www.ebay.com_5_2_2,5 min 2\www.ebay.com\www.ebay.com_5_2_3,2024-04-28 19:39:53,13,13,1,7.6923076923076925,Online Retail,5 minutes
www.goojara.to,5 min 2\www.goojara.to\www.goojara.to_5_2_1,5 min 2\www.goojara.to\www.goojara.to_5_2_2,2024-04-28 19:40:11,7,7,0,0.0,Entertainment,5 minutes
www.goojara.to,5 min 2\www.goojara.to\www.goojara.to_5_2_2,5 min 2\www.goojara.to\www.goojara.to_5_2_3,2024-04-28 20:03:58,7,7,0,0.0,Entertainment,5 minutes
www.gov.br,5 min 2\www.gov.br\www.gov.br_5_2_1,5 min 2\www.gov.br\www.gov.br_5_2_2,2024-04-28 19:37:26,13,13,0,0.0,Government,5 minutes
www.gov.uk,5 min 2\www.gov.uk\www.gov.uk_5_2_1,5 min 2\www.gov.uk\www.gov.uk_5_2_2,2024-04-28 19:39:45,3,3,0,0.0,Government,5 minutes
www.gov.uk,5 min 2\www.gov.uk\www.gov.uk_5_2_2,5 min 2\www.gov.uk\www.gov.uk_5_2_3,2024-04-28 19:46:13,3,3,0,0.0,Government,5 minutes
www.gov.uk,5 min 2\www.gov.uk\www.gov.uk_5_2_3,5 min 2\www.gov.uk\www.gov.uk_5_2_4,,3,0,0,0.0,Government,5 minutes
www.healthline.com,5 min 2\www.healthline.com\www.healthline.com_5_2_1,5 min 2\www.healthline.com\www.healthline.com_5_2_2,2024-04-28 19:43:02,39,40,1,2.564102564102564,Health,5 minutes
www.lemonde.fr,5 min 2\www.lemonde.fr\www.lemonde.fr_5_2_1,5 min 2\www.lemonde.fr\www.lemonde.fr_5_2_2,2024-04-28 19:44:26,26,26,1,3.8461538461538463,News,5 minutes
www.livescore.com,5 min 2\www.livescore.com\www.livescore.com_5_2_1,5 min 2\www.livescore.com\www.livescore.com_5_2_2,2024-04-28 19:43:58,16,16,0,0.0,Sports,5 minutes
www.livescore.com,5 min 2\www.livescore.com\www.livescore.com_5_2_2,5 min 2\www.livescore.com\www.livescore.com_5_2_3,2024-04-28 20:03:15,16,14,0,0.0,Sports,5 minutes
www.netflix.com,5 min 2\www.netflix.com\www.netflix.com_5_2_1,5 min 2\www.netflix.com\www.netflix.com_5_2_2,2024-04-28 19:11:36,6,0,0,0.0,Entertainment,5 minutes
www.nikkansports.com,5 min 2\www.nikkansports.com\www.nikkansports.com_5_2_1,5 min 2\www.nikkansports.com\www.nikkansports.com_5_2_2,2024-04-28 19:22:55,6,0,0,0.0,Sports,5 minutes
www.paypal.com,5 min 2\www.paypal.com\www.paypal.com_5_2_1,5 min 2\www.paypal.com\www.paypal.com_5_2_2,2024-04-28 19:31:13,7,6,6,85.71428571428571,Economy/Finance,5 minutes
www.paypal.com,5 min 2\www.paypal.com\www.paypal.com_5_2_2,5 min 2\www.paypal.com\www.paypal.com_5_2_3,2024-04-28 19:38:42,6,7,6,100.0,Economy/Finance,5 minutes
www.primevideo.com,5 min 2\www.primevideo.com\www.primevideo.com_5_2_1,5 min 2\www.primevideo.com\www.primevideo.com_5_2_2,2024-04-28 19:30:56,5,5,0,0.0,Entertainment,5 minutes
www.primevideo.com,5 min 2\www.primevideo.com\www.primevideo.com_5_2_2,5 min 2\www.primevideo.com\www.primevideo.com_5_2_3,2024-04-28 19:36:29,5,5,0,0.0,Entertainment,5 minutes
www.primevideo.com,5 min 2\www.primevideo.com\www.primevideo.com_5_2_3,5 min 2\www.primevideo.com\www.primevideo.com_5_2_4,2024-04-28 19:42:10,5,5,0,0.0,Entertainment,5 minutes
www.starhealth.in,5 min 2\www.starhealth.in\www.starhealth.in_5_2_1,5 min 2\www.starhealth.in\www.starhealth.in_5_2_2,2024-04-29 01:03:26,0,0,0,0.0,Health,5 minutes
www.starhealth.in,5 min 2\www.starhealth.in\www.starhealth.in_5_2_2,5 min 2\www.starhealth.in\www.starhealth.in_5_2_3,2024-04-29 01:08:07,0,0,0,0.0,Health,5 minutes
www.starhealth.in,5 min 2\www.starhealth.in\www.starhealth.in_5_2_3,5 min 2\www.starhealth.in\www.starhealth.in_5_2_4,2024-04-29 01:12:51,0,0,0,0.0,Health,5 minutes
www.tjk.org,5 min 2\www.tjk.org\www.tjk.org_5_2_1,5 min 2\www.tjk.org\www.tjk.org_5_2_2,2024-04-28 19:43:38,30,11,0,0.0,Weather,5 minutes
www.turkiye.gov.tr,5 min 2\www.turkiye.gov.tr\www.turkiye.gov.tr_5_2_1,5 min 2\www.turkiye.gov.tr\www.turkiye.gov.tr_5_2_2,2024-04-29 01:03:12,30,30,0,0.0,Government,5 minutes
www.turkiye.gov.tr,5 min 2\www.turkiye.gov.tr\www.turkiye.gov.tr_5_2_2,5 min 2\www.turkiye.gov.tr\www.turkiye.gov.tr_5_2_3,2024-04-29 01:08:00,30,30,0,0.0,Government,5 minutes
www.turkiye.gov.tr,5 min 2\www.turkiye.gov.tr\www.turkiye.gov.tr_5_2_3,5 min 2\www.turkiye.gov.tr\www.turkiye.gov.tr_5_2_4,2024-04-29 01:12:55,30,30,0,0.0,Government,5 minutes
www.typing.com,5 min 2\www.typing.com\www.typing.com_5_2_1,5 min 2\www.typing.com\www.typing.com_5_2_2,2024-04-29 01:02:50,20,20,0,0.0,Education,5 minutes
www.typing.com,5 min 2\www.typing.com\www.typing.com_5_2_2,5 min 2\www.typing.com\www.typing.com_5_2_3,2024-04-29 01:07:35,20,20,0,0.0,Education,5 minutes
www.typing.com,5 min 2\www.typing.com\www.typing.com_5_2_3,5 min 2\www.typing.com\www.typing.com_5_2_4,2024-04-29 01:12:14,20,20,0,0.0,Education,5 minutes
www.verywellhealth.com,5 min 2\www.verywellhealth.com\www.verywellhealth.com_5_2_1,5 min 2\www.verywellhealth.com\www.verywellhealth.com_5_2_2,2024-04-28 19:16:20,18,8,0,0.0,Health,5 minutes
aniwatchtv.to,10 min 1\aniwatchtv.to\aniwatchtv.to_10_1_1,10 min 1\aniwatchtv.to\aniwatchtv.to_10_1_2,2024-04-27 23:35:06,7,0,0,0.0,Entertainment,10 minutes
aniwatchtv.to,10 min 1\aniwatchtv.to\aniwatchtv.to_10_1_2,10 min 1\aniwatchtv.to\aniwatchtv.to_10_1_3,2024-04-28 00:01:45,0,0,0,0.0,Entertainment,10 minutes
es.aliexpress.com,10 min 1\es.aliexpress.com\es.aliexpress.com_10_1_1,10 min 1\es.aliexpress.com\es.aliexpress.com_10_1_2,2024-04-27 23:28:03,75,77,1,1.3333333333333337,Online Retail,10 minutes
es.aliexpress.com,10 min 1\es.aliexpress.com\es.aliexpress.com_10_1_2,10 min 1\es.aliexpress.com\es.aliexpress.com_10_1_3,2024-04-27 23:41:56,77,73,2,2.5974025974025974,Online Retail,10 minutes
finance.yahoo.com,10 min 1\finance.yahoo.com\finance.yahoo.com_10_1_1,10 min 1\finance.yahoo.com\finance.yahoo.com_10_1_2,2024-04-27 23:50:14,39,39,0,0.0,Economy/Finance,10 minutes
finance.yahoo.com,10 min 1\finance.yahoo.com\finance.yahoo.com_10_1_2,10 min 1\finance.yahoo.com\finance.yahoo.com_10_1_3,2024-04-28 00:04:04,39,38,0,0.0,Economy/Finance,10 minutes
health.findanyanswer.net,10 min 1\health.findanyanswer.net\health.findanyanswer.net_10_1_1,10 min 1\health.findanyanswer.net\health.findanyanswer.net_10_1_2,2024-04-27 23:44:04,0,0,0,0.0,Health,10 minutes
pubmed.ncbi.nlm.nih.gov,10 min 1\pubmed.ncbi.nlm.nih.gov\pubmed.ncbi.nlm.nih.gov_10_1_1,10 min 1\pubmed.ncbi.nlm.nih.gov\pubmed.ncbi.nlm.nih.gov_10_1_2,2024-04-27 23:23:50,0,0,0,0.0,Government,10 minutes
pubmed.ncbi.nlm.nih.gov,10 min 1\pubmed.ncbi.nlm.nih.gov\pubmed.ncbi.nlm.nih.gov_10_1_2,10 min 1\pubmed.ncbi.nlm.nih.gov\pubmed.ncbi.nlm.nih.gov_10_1_3,2024-04-27 23:34:09,0,0,0,0.0,Government,10 minutes
pubmed.ncbi.nlm.nih.gov,10 min 1\pubmed.ncbi.nlm.nih.gov\pubmed.ncbi.nlm.nih.gov_10_1_3,10 min 1\pubmed.ncbi.nlm.nih.gov\pubmed.ncbi.nlm.nih.gov_10_1_4,2024-04-27 23:44:29,0,0,0,0.0,Government,10 minutes
stackoverflow.com,10 min 1\stackoverflow.com\stackoverflow.com_10_1_1,10 min 1\stackoverflow.com\stackoverflow.com_10_1_2,2024-04-27 23:46:22,12,12,0,0.0,Education,10 minutes
stackoverflow.com,10 min 1\stackoverflow.com\stackoverflow.com_10_1_2,10 min 1\stackoverflow.com\stackoverflow.com_10_1_3,2024-04-27 23:56:59,12,12,0,0.0,Education,10 minutes
stackoverflow.com,10 min 1\stackoverflow.com\stackoverflow.com_10_1_3,10 min 1\stackoverflow.com\stackoverflow.com_10_1_4,,12,0,0,0.0,Education,10 minutes
weather.com,10 min 1\weather.com\weather.com_10_1_1,10 min 1\weather.com\weather.com_10_1_2,2024-04-27 23:42:11,1,1,0,0.0,Weather,10 minutes
weather.com,10 min 1\weather.com\weather.com_10_1_2,10 min 1\weather.com\weather.com_10_1_3,,1,0,0,0.0,Weather,10 minutes
weathernews.jp,10 min 1\weathernews.jp\weathernews.jp_10_1_1,10 min 1\weathernews.jp\weathernews.jp_10_1_2,2024-04-27 23:25:49,46,46,1,2.1739130434782608,Weather,10 minutes
weathernews.jp,10 min 1\weathernews.jp\weathernews.jp_10_1_2,10 min 1\weathernews.jp\weathernews.jp_10_1_3,2024-04-27 23:37:49,46,46,1,2.1739130434782608,Weather,10 minutes
weathernews.jp,10 min 1\weathernews.jp\weathernews.jp_10_1_3,10 min 1\weathernews.jp\weathernews.jp_10_1_4,2024-04-27 23:49:26,46,46,0,0.0,Weather,10 minutes
www.amazon.com.tr,10 min 1\www.amazon.com.tr\www.amazon.com.tr_10_1_1,10 min 1\www.amazon.com.tr\www.amazon.com.tr_10_1_2,2024-04-27 23:49:06,206,206,1,0.4854368932038834,Online Retail,10 minutes
www.amazon.com.tr,10 min 1\www.amazon.com.tr\www.amazon.com.tr_10_1_2,10 min 1\www.amazon.com.tr\www.amazon.com.tr_10_1_3,2024-04-28 00:02:58,206,10,0,0.0,Online Retail,10 minutes
www.amazon.com.tr,10 min 1\www.amazon.com.tr\www.amazon.com.tr_10_1_3,10 min 1\www.amazon.com.tr\www.amazon.com.tr_10_1_4,2024-04-28 00:19:32,10,197,0,0.0,Online Retail,10 minutes
www.bbc.co.uk,10 min 1\www.bbc.co.uk\www.bbc.co.uk_10_1_1,10 min 1\www.bbc.co.uk\www.bbc.co.uk_10_1_2,2024-04-27 23:48:54,60,60,0,0.0,News,10 minutes
www.bbc.co.uk,10 min 1\www.bbc.co.uk\www.bbc.co.uk_10_1_2,10 min 1\www.bbc.co.uk\www.bbc.co.uk_10_1_3,2024-04-28 00:01:16,60,60,0,0.0,News,10 minutes
www.bloomberg.com,10 min 1\www.bloomberg.com\www.bloomberg.com_10_1_1,10 min 1\www.bloomberg.com\www.bloomberg.com_10_1_2,2024-04-27 23:34:21,0,0,0,0.0,Economy/Finance,10 minutes
www.bloomberg.com,10 min 1\www.bloomberg.com\www.bloomberg.com_10_1_2,10 min 1\www.bloomberg.com\www.bloomberg.com_10_1_3,2024-04-27 23:47:09,0,0,0,0.0,Economy/Finance,10 minutes
www.bloomberg.com,10 min 1\www.bloomberg.com\www.bloomberg.com_10_1_3,10 min 1\www.bloomberg.com\www.bloomberg.com_10_1_4,,0,0,0,0.0,Economy/Finance,10 minutes
www.cnn.com,10 min 1\www.cnn.com\www.cnn.com_10_1_1,10 min 1\www.cnn.com\www.cnn.com_10_1_2,2024-04-28 10:27:55,42,42,0,0.0,News,10 minutes
www.cnn.com,10 min 1\www.cnn.com\www.cnn.com_10_1_2,10 min 1\www.cnn.com\www.cnn.com_10_1_3,2024-04-28 10:47:27,42,40,32,76.19047619047619,News,10 minutes
www.cricbuzz.com,10 min 1\www.cricbuzz.com\www.cricbuzz.com_10_1_1,10 min 1\www.cricbuzz.com\www.cricbuzz.com_10_1_2,2024-04-27 23:25:44,52,48,0,0.0,Sports,10 minutes
www.cricbuzz.com,10 min 1\www.cricbuzz.com\www.cricbuzz.com_10_1_2,10 min 1\www.cricbuzz.com\www.cricbuzz.com_10_1_3,2024-04-27 23:37:25,48,52,0,0.0,Sports,10 minutes
www.cricbuzz.com,10 min 1\www.cricbuzz.com\www.cricbuzz.com_10_1_3,10 min 1\www.cricbuzz.com\www.cricbuzz.com_10_1_4,2024-04-27 23:48:51,52,42,0,0.0,Sports,10 minutes
www.diretta.it,10 min 1\www.diretta.it\www.diretta.it_10_1_1,10 min 1\www.diretta.it\www.diretta.it_10_1_2,2024-04-29 01:11:07,280,254,0,0.0,Sports,10 minutes
www.diretta.it,10 min 1\www.diretta.it\www.diretta.it_10_1_2,10 min 1\www.diretta.it\www.diretta.it_10_1_3,2024-04-29 01:22:44,254,252,0,0.0,Sports,10 minutes
www.diretta.it,10 min 1\www.diretta.it\www.diretta.it_10_1_3,10 min 1\www.diretta.it\www.diretta.it_10_1_4,2024-04-29 01:34:04,252,248,0,0.0,Sports,10 minutes
www.doubtnut.com,10 min 1\www.doubtnut.com\www.doubtnut.com_10_1_1,10 min 1\www.doubtnut.com\www.doubtnut.com_10_1_2,2024-04-27 23:24:47,12,12,0,0.0,Education,10 minutes
www.doubtnut.com,10 min 1\www.doubtnut.com\www.doubtnut.com_10_1_2,10 min 1\www.doubtnut.com\www.doubtnut.com_10_1_3,2024-04-27 23:35:32,12,12,0,0.0,Education,10 minutes
www.doubtnut.com,10 min 1\www.doubtnut.com\www.doubtnut.com_10_1_3,10 min 1\www.doubtnut.com\www.doubtnut.com_10_1_4,2024-04-27 23:46:19,12,12,0,0.0,Education,10 minutes
www.dzexams.com,10 min 1\www.dzexams.com\www.dzexams.com_10_1_1,10 min 1\www.dzexams.com\www.dzexams.com_10_1_2,2024-04-27 23:35:36,6,0,0,0.0,Education,10 minutes
www.dzexams.com,10 min 1\www.dzexams.com\www.dzexams.com_10_1_2,10 min 1\www.dzexams.com\www.dzexams.com_10_1_3,2024-04-27 23:57:27,0,0,0,0.0,Education,10 minutes
www.ebay.com,10 min 1\www.ebay.com\www.ebay.com_10_1_1,10 min 1\www.ebay.com\www.ebay.com_10_1_2,2024-04-27 23:24:43,13,12,0,0.0,Online Retail,10 minutes
www.ebay.com,10 min 1\www.ebay.com\www.ebay.com_10_1_2,10 min 1\www.ebay.com\www.ebay.com_10_1_3,2024-04-27 23:35:54,12,13,0,0.0,Online Retail,10 minutes
www.ebay.com,10 min 1\www.ebay.com\www.ebay.com_10_1_3,10 min 1\www.ebay.com\www.ebay.com_10_1_4,2024-04-27 23:46:42,13,13,0,0.0,Online Retail,10 minutes
www.goojara.to,10 min 1\www.goojara.to\www.goojara.to_10_1_1,10 min 1\www.goojara.to\www.goojara.to_10_1_2,2024-04-27 23:45:25,7,7,0,0.0,Entertainment,10 minutes
www.goojara.to,10 min 1\www.goojara.to\www.goojara.to_10_1_2,10 min 1\www.goojara.to\www.goojara.to_10_1_3,2024-04-27 23:55:46,7,7,0,0.0,Entertainment,10 minutes
www.goojara.to,10 min 1\www.goojara.to\www.goojara.to_10_1_3,10 min 1\www.goojara.to\www.goojara.to_10_1_4,2024-04-28 00:09:12,7,1,0,0.0,Entertainment,10 minutes
www.gov.br,10 min 1\www.gov.br\www.gov.br_10_1_1,10 min 1\www.gov.br\www.gov.br_10_1_2,2024-04-27 23:26:16,13,13,0,0.0,Government,10 minutes
www.gov.br,10 min 1\www.gov.br\www.gov.br_10_1_2,10 min 1\www.gov.br\www.gov.br_10_1_3,2024-04-27 23:38:27,13,13,0,0.0,Government,10 minutes
www.gov.br,10 min 1\www.gov.br\www.gov.br_10_1_3,10 min 1\www.gov.br\www.gov.br_10_1_4,2024-04-27 23:50:34,13,13,0,0.0,Government,10 minutes
www.gov.uk,10 min 1\www.gov.uk\www.gov.uk_10_1_1,10 min 1\www.gov.uk\www.gov.uk_10_1_2,2024-04-27 23:45:34,3,3,0,0.0,Government,10 minutes
www.gov.uk,10 min 1\www.gov.uk\www.gov.uk_10_1_2,10 min 1\www.gov.uk\www.gov.uk_10_1_3,2024-04-27 23:55:50,3,3,0,0.0,Government,10 minutes
www.gov.uk,10 min 1\www.gov.uk\www.gov.uk_10_1_3,10 min 1\www.gov.uk\www.gov.uk_10_1_4,2024-04-28 00:10:56,3,3,0,0.0,Government,10 minutes
www.healthline.com,10 min 1\www.healthline.com\www.healthline.com_10_1_1,10 min 1\www.healthline.com\www.healthline.com_10_1_2,2024-04-27 23:46:39,38,38,0,0.0,Health,10 minutes
www.healthline.com,10 min 1\www.healthline.com\www.healthline.com_10_1_2,10 min 1\www.healthline.com\www.healthline.com_10_1_3,2024-04-27 23:57:42,38,38,0,0.0,Health,10 minutes
www.healthline.com,10 min 1\www.healthline.com\www.healthline.com_10_1_3,10 min 1\www.healthline.com\www.healthline.com_10_1_4,2024-04-28 00:18:25,38,39,0,0.0,Health,10 minutes
www.lemonde.fr,10 min 1\www.lemonde.fr\www.lemonde.fr_10_1_1,10 min 1\www.lemonde.fr\www.lemonde.fr_10_1_2,2024-04-27 23:46:19,25,23,0,0.0,News,10 minutes
www.lemonde.fr,10 min 1\www.lemonde.fr\www.lemonde.fr_10_1_2,10 min 1\www.lemonde.fr\www.lemonde.fr_10_1_3,2024-04-27 23:57:22,23,25,0,0.0,News,10 minutes
www.lemonde.fr,10 min 1\www.lemonde.fr\www.lemonde.fr_10_1_3,10 min 1\www.lemonde.fr\www.lemonde.fr_10_1_4,,25,0,0,0.0,News,10 minutes
www.livescore.com,10 min 1\www.livescore.com\www.livescore.com_10_1_1,10 min 1\www.livescore.com\www.livescore.com_10_1_2,2024-04-27 23:49:59,43,11,0,0.0,Sports,10 minutes
www.livescore.com,10 min 1\www.livescore.com\www.livescore.com_10_1_2,10 min 1\www.livescore.com\www.livescore.com_10_1_3,2024-04-28 00:02:22,11,16,0,0.0,Sports,10 minutes
www.livescore.com,10 min 1\www.livescore.com\www.livescore.com_10_1_3,10 min 1\www.livescore.com\www.livescore.com_10_1_4,,16,0,0,0.0,Sports,10 minutes
www.netflix.com,10 min 1\www.netflix.com\www.netflix.com_10_1_1,10 min 1\www.netflix.com\www.netflix.com_10_1_2,2024-04-27 23:41:53,6,6,0,0.0,Entertainment,10 minutes
www.netflix.com,10 min 1\www.netflix.com\www.netflix.com_10_1_2,10 min 1\www.netflix.com\www.netflix.com_10_1_3,,6,0,0,0.0,Entertainment,10 minutes
www.nikkansports.com,10 min 1\www.nikkansports.com\www.nikkansports.com_10_1_1,10 min 1\www.nikkansports.com\www.nikkansports.com_10_1_2,2024-04-28 10:26:38,10,10,0,0.0,Sports,10 minutes
www.nikkansports.com,10 min 1\www.nikkansports.com\www.nikkansports.com_10_1_2,10 min 1\www.nikkansports.com\www.nikkansports.com_10_1_3,2024-04-28 10:38:29,10,10,0,0.0,Sports,10 minutes
www.nikkansports.com,10 min 1\www.nikkansports.com\www.nikkansports.com_10_1_3,10 min 1\www.nikkansports.com\www.nikkansports.com_10_1_4,2024-04-28 10:55:01,10,10,0,0.0,Sports,10 minutes
www.paypal.com,10 min 1\www.paypal.com\www.paypal.com_10_1_1,10 min 1\www.paypal.com\www.paypal.com_10_1_2,2024-04-27 23:23:49,6,2,0,0.0,Economy/Finance,10 minutes
www.paypal.com,10 min 1\www.paypal.com\www.paypal.com_10_1_2,10 min 1\www.paypal.com\www.paypal.com_10_1_3,2024-04-27 23:34:19,2,6,0,0.0,Economy/Finance,10 minutes
www.paypal.com,10 min 1\www.paypal.com\www.paypal.com_10_1_3,10 min 1\www.paypal.com\www.paypal.com_10_1_4,2024-04-27 23:44:52,6,7,6,100.0,Economy/Finance,10 minutes
www.primevideo.com,10 min 1\www.primevideo.com\www.primevideo.com_10_1_1,10 min 1\www.primevideo.com\www.primevideo.com_10_1_2,2024-04-27 23:23:53,5,5,0,0.0,Entertainment,10 minutes
www.primevideo.com,10 min 1\www.primevideo.com\www.primevideo.com_10_1_2,10 min 1\www.primevideo.com\www.primevideo.com_10_1_3,2024-04-27 23:34:10,5,5,0,0.0,Entertainment,10 minutes
www.primevideo.com,10 min 1\www.primevideo.com\www.primevideo.com_10_1_3,10 min 1\www.primevideo.com\www.primevideo.com_10_1_4,2024-04-27 23:44:34,5,5,0,0.0,Entertainment,10 minutes
www.starhealth.in,10 min 1\www.starhealth.in\www.starhealth.in_10_1_1,10 min 1\www.starhealth.in\www.starhealth.in_10_1_2,2024-04-29 01:10:03,0,0,0,0.0,Health,10 minutes
www.starhealth.in,10 min 1\www.starhealth.in\www.starhealth.in_10_1_2,10 min 1\www.starhealth.in\www.starhealth.in_10_1_3,2024-04-29 01:20:34,0,0,0,0.0,Health,10 minutes
www.starhealth.in,10 min 1\www.starhealth.in\www.starhealth.in_10_1_3,10 min 1\www.starhealth.in\www.starhealth.in_10_1_4,2024-04-29 01:31:05,0,0,0,0.0,Health,10 minutes
www.tjk.org,10 min 1\www.tjk.org\www.tjk.org_10_1_1,10 min 1\www.tjk.org\www.tjk.org_10_1_2,2024-04-27 23:47:23,30,29,0,0.0,Weather,10 minutes
www.tjk.org,10 min 1\www.tjk.org\www.tjk.org_10_1_2,10 min 1\www.tjk.org\www.tjk.org_10_1_3,2024-04-27 23:59:04,29,30,0,0.0,Weather,10 minutes
www.tjk.org,10 min 1\www.tjk.org\www.tjk.org_10_1_3,10 min 1\www.tjk.org\www.tjk.org_10_1_4,,30,0,0,0.0,Weather,10 minutes
www.turkiye.gov.tr,10 min 1\www.turkiye.gov.tr\www.turkiye.gov.tr_10_1_1,10 min 1\www.turkiye.gov.tr\www.turkiye.gov.tr_10_1_2,2024-04-27 23:44:46,3,0,0,0.0,Government,10 minutes
www.typing.com,10 min 1\www.typing.com\www.typing.com_10_1_1,10 min 1\www.typing.com\www.typing.com_10_1_2,2024-04-27 23:46:47,20,20,0,0.0,Education,10 minutes
www.typing.com,10 min 1\www.typing.com\www.typing.com_10_1_2,10 min 1\www.typing.com\www.typing.com_10_1_3,2024-04-27 23:57:48,20,20,0,0.0,Education,10 minutes
www.typing.com,10 min 1\www.typing.com\www.typing.com_10_1_3,10 min 1\www.typing.com\www.typing.com_10_1_4,,20,0,0,0.0,Education,10 minutes
www.verywellhealth.com,10 min 1\www.verywellhealth.com\www.verywellhealth.com_10_1_1,10 min 1\www.verywellhealth.com\www.verywellhealth.com_10_1_2,2024-04-27 23:37:37,20,16,0,0.0,Health,10 minutes
aniwatchtv.to,10 min 2\aniwatchtv.to\aniwatchtv.to_10_2_1,10 min 2\aniwatchtv.to\aniwatchtv.to_10_2_2,2024-04-28 19:03:42,7,7,0,0.0,Entertainment,10 minutes
aniwatchtv.to,10 min 2\aniwatchtv.to\aniwatchtv.to_10_2_2,10 min 2\aniwatchtv.to\aniwatchtv.to_10_2_3,2024-04-28 19:14:54,7,7,0,0.0,Entertainment,10 minutes
aniwatchtv.to,10 min 2\aniwatchtv.to\aniwatchtv.to_10_2_3,10 min 2\aniwatchtv.to\aniwatchtv.to_10_2_4,2024-04-28 19:27:19,7,7,0,0.0,Entertainment,10 minutes
finance.yahoo.com,10 min 2\finance.yahoo.com\finance.yahoo.com_10_2_1,10 min 2\finance.yahoo.com\finance.yahoo.com_10_2_2,2024-04-28 14:03:41,40,40,0,0.0,Economy/Finance,10 minutes
finance.yahoo.com,10 min 2\finance.yahoo.com\finance.yahoo.com_10_2_2,10 min 2\finance.yahoo.com\finance.yahoo.com_10_2_3,2024-04-28 14:16:14,40,40,1,2.5,Economy/Finance,10 minutes
finance.yahoo.com,10 min 2\finance.yahoo.com\finance.yahoo.com_10_2_3,10 min 2\finance.yahoo.com\finance.yahoo.com_10_2_4,2024-04-28 14:28:23,40,40,1,2.5,Economy/Finance,10 minutes
health.findanyanswer.net,10 min 2\health.findanyanswer.net\health.findanyanswer.net_10_2_1,10 min 2\health.findanyanswer.net\health.findanyanswer.net_10_2_2,2024-04-28 19:04:56,16,16,0,0.0,Health,10 minutes
health.findanyanswer.net,10 min 2\health.findanyanswer.net\health.findanyanswer.net_10_2_2,10 min 2\health.findanyanswer.net\health.findanyanswer.net_10_2_3,2024-04-28 19:16:03,16,16,0,0.0,Health,10 minutes
health.findanyanswer.net,10 min 2\health.findanyanswer.net\health.findanyanswer.net_10_2_3,10 min 2\health.findanyanswer.net\health.findanyanswer.net_10_2_4,2024-04-28 19:27:04,16,16,0,0.0,Health,10 minutes
pubmed.ncbi.nlm.nih.gov,10 min 2\pubmed.ncbi.nlm.nih.gov\pubmed.ncbi.nlm.nih.gov_10_2_1,10 min 2\pubmed.ncbi.nlm.nih.gov\pubmed.ncbi.nlm.nih.gov_10_2_2,2024-04-28 18:46:37,0,0,0,0.0,Government,10 minutes
pubmed.ncbi.nlm.nih.gov,10 min 2\pubmed.ncbi.nlm.nih.gov\pubmed.ncbi.nlm.nih.gov_10_2_2,10 min 2\pubmed.ncbi.nlm.nih.gov\pubmed.ncbi.nlm.nih.gov_10_2_3,2024-04-28 18:56:57,0,0,0,0.0,Government,10 minutes
pubmed.ncbi.nlm.nih.gov,10 min 2\pubmed.ncbi.nlm.nih.gov\pubmed.ncbi.nlm.nih.gov_10_2_3,10 min 2\pubmed.ncbi.nlm.nih.gov\pubmed.ncbi.nlm.nih.gov_10_2_4,2024-04-28 19:07:17,0,0,0,0.0,Government,10 minutes
stackoverflow.com,10 min 2\stackoverflow.com\stackoverflow.com_10_2_1,10 min 2\stackoverflow.com\stackoverflow.com_10_2_2,2024-04-28 14:00:14,12,12,0,0.0,Education,10 minutes
stackoverflow.com,10 min 2\stackoverflow.com\stackoverflow.com_10_2_2,10 min 2\stackoverflow.com\stackoverflow.com_10_2_3,2024-04-28 14:10:42,12,12,0,0.0,Education,10 minutes
stackoverflow.com,10 min 2\stackoverflow.com\stackoverflow.com_10_2_3,10 min 2\stackoverflow.com\stackoverflow.com_10_2_4,2024-04-28 14:21:13,12,12,0,0.0,Education,10 minutes
weather.com,10 min 2\weather.com\weather.com_10_2_1,10 min 2\weather.com\weather.com_10_2_2,2024-04-28 19:10:28,0,1,0,0.0,Weather,10 minutes
weather.com,10 min 2\weather.com\weather.com_10_2_2,10 min 2\weather.com\weather.com_10_2_3,2024-04-28 19:21:30,1,1,0,0.0,Weather,10 minutes
weathernews.jp,10 min 2\weathernews.jp\weathernews.jp_10_2_1,10 min 2\weathernews.jp\weathernews.jp_10_2_2,2024-04-28 14:17:15,46,46,6,13.043478260869565,Weather,10 minutes
www.amazon.com.tr,10 min 2\www.amazon.com.tr\www.amazon.com.tr_10_2_1,10 min 2\www.amazon.com.tr\www.amazon.com.tr_10_2_2,2024-04-28 14:02:00,208,197,2,0.9615384615384616,Online Retail,10 minutes
www.amazon.com.tr,10 min 2\www.amazon.com.tr\www.amazon.com.tr_10_2_2,10 min 2\www.amazon.com.tr\www.amazon.com.tr_10_2_3,2024-04-28 14:14:42,197,211,2,1.015228426395939,Online Retail,10 minutes
www.amazon.com.tr,10 min 2\www.amazon.com.tr\www.amazon.com.tr_10_2_3,10 min 2\www.amazon.com.tr\www.amazon.com.tr_10_2_4,2024-04-28 14:27:25,211,208,3,1.4218009478672986,Online Retail,10 minutes
www.bbc.co.uk,10 min 2\www.bbc.co.uk\www.bbc.co.uk_10_2_1,10 min 2\www.bbc.co.uk\www.bbc.co.uk_10_2_2,2024-04-28 14:01:23,60,60,0,0.0,News,10 minutes
www.bbc.co.uk,10 min 2\www.bbc.co.uk\www.bbc.co.uk_10_2_2,10 min 2\www.bbc.co.uk\www.bbc.co.uk_10_2_3,2024-04-28 14:13:22,60,60,0,0.0,News,10 minutes
www.bbc.co.uk,10 min 2\www.bbc.co.uk\www.bbc.co.uk_10_2_3,10 min 2\www.bbc.co.uk\www.bbc.co.uk_10_2_4,2024-04-28 14:25:13,60,60,0,0.0,News,10 minutes
www.bloomberg.com,10 min 2\www.bloomberg.com\www.bloomberg.com_10_2_1,10 min 2\www.bloomberg.com\www.bloomberg.com_10_2_2,2024-04-28 19:03:51,0,0,0,0.0,Economy/Finance,10 minutes
www.bloomberg.com,10 min 2\www.bloomberg.com\www.bloomberg.com_10_2_2,10 min 2\www.bloomberg.com\www.bloomberg.com_10_2_3,2024-04-28 19:14:37,0,0,0,0.0,Economy/Finance,10 minutes
www.bloomberg.com,10 min 2\www.bloomberg.com\www.bloomberg.com_10_2_3,10 min 2\www.bloomberg.com\www.bloomberg.com_10_2_4,2024-04-28 19:25:14,0,0,0,0.0,Economy/Finance,10 minutes
www.cnn.com,10 min 2\www.cnn.com\www.cnn.com_10_2_1,10 min 2\www.cnn.com\www.cnn.com_10_2_2,2024-04-28 19:08:42,41,41,2,4.878048780487805,News,10 minutes
www.cnn.com,10 min 2\www.cnn.com\www.cnn.com_10_2_2,10 min 2\www.cnn.com\www.cnn.com_10_2_3,2024-04-28 19:23:28,41,41,0,0.0,News,10 minutes
www.cricbuzz.com,10 min 2\www.cricbuzz.com\www.cricbuzz.com_10_2_1,10 min 2\www.cricbuzz.com\www.cricbuzz.com_10_2_2,2024-04-28 18:48:53,48,43,0,0.0,Sports,10 minutes
www.cricbuzz.com,10 min 2\www.cricbuzz.com\www.cricbuzz.com_10_2_2,10 min 2\www.cricbuzz.com\www.cricbuzz.com_10_2_3,2024-04-28 19:01:14,43,47,0,0.0,Sports,10 minutes
www.cricbuzz.com,10 min 2\www.cricbuzz.com\www.cricbuzz.com_10_2_3,10 min 2\www.cricbuzz.com\www.cricbuzz.com_10_2_4,2024-04-28 19:13:49,47,49,0,0.0,Sports,10 minutes
www.diretta.it,10 min 2\www.diretta.it\www.diretta.it_10_2_1,10 min 2\www.diretta.it\www.diretta.it_10_2_2,2024-04-29 01:11:55,280,254,0,0.0,Sports,10 minutes
www.diretta.it,10 min 2\www.diretta.it\www.diretta.it_10_2_2,10 min 2\www.diretta.it\www.diretta.it_10_2_3,2024-04-29 01:23:31,254,252,0,0.0,Sports,10 minutes
www.diretta.it,10 min 2\www.diretta.it\www.diretta.it_10_2_3,10 min 2\www.diretta.it\www.diretta.it_10_2_4,2024-04-29 01:34:51,252,248,0,0.0,Sports,10 minutes
www.doubtnut.com,10 min 2\www.doubtnut.com\www.doubtnut.com_10_2_1,10 min 2\www.doubtnut.com\www.doubtnut.com_10_2_2,2024-04-28 14:34:24,12,12,0,0.0,Education,10 minutes
www.dzexams.com,10 min 2\www.dzexams.com\www.dzexams.com_10_2_1,10 min 2\www.dzexams.com\www.dzexams.com_10_2_2,2024-04-28 19:03:20,6,6,0,0.0,Education,10 minutes
www.dzexams.com,10 min 2\www.dzexams.com\www.dzexams.com_10_2_2,10 min 2\www.dzexams.com\www.dzexams.com_10_2_3,2024-04-28 19:13:55,6,6,0,0.0,Education,10 minutes
www.dzexams.com,10 min 2\www.dzexams.com\www.dzexams.com_10_2_3,10 min 2\www.dzexams.com\www.dzexams.com_10_2_4,2024-04-28 19:24:21,6,6,0,0.0,Education,10 minutes
www.ebay.com,10 min 2\www.ebay.com\www.ebay.com_10_2_1,10 min 2\www.ebay.com\www.ebay.com_10_2_2,2024-04-28 18:47:31,12,13,0,0.0,Online Retail,10 minutes
www.ebay.com,10 min 2\www.ebay.com\www.ebay.com_10_2_2,10 min 2\www.ebay.com\www.ebay.com_10_2_3,2024-04-28 18:59:19,13,12,0,0.0,Online Retail,10 minutes
www.ebay.com,10 min 2\www.ebay.com\www.ebay.com_10_2_3,10 min 2\www.ebay.com\www.ebay.com_10_2_4,2024-04-28 19:11:37,12,12,0,0.0,Online Retail,10 minutes
www.goojara.to,10 min 2\www.goojara.to\www.goojara.to_10_2_1,10 min 2\www.goojara.to\www.goojara.to_10_2_2,2024-04-28 13:59:10,7,7,0,0.0,Entertainment,10 minutes
www.goojara.to,10 min 2\www.goojara.to\www.goojara.to_10_2_2,10 min 2\www.goojara.to\www.goojara.to_10_2_3,2024-04-28 14:09:30,7,7,0,0.0,Entertainment,10 minutes
www.goojara.to,10 min 2\www.goojara.to\www.goojara.to_10_2_3,10 min 2\www.goojara.to\www.goojara.to_10_2_4,2024-04-28 14:19:48,7,7,0,0.0,Entertainment,10 minutes
www.gov.br,10 min 2\www.gov.br\www.gov.br_10_2_1,10 min 2\www.gov.br\www.gov.br_10_2_2,2024-04-28 18:50:44,13,13,0,0.0,Government,10 minutes
www.gov.br,10 min 2\www.gov.br\www.gov.br_10_2_2,10 min 2\www.gov.br\www.gov.br_10_2_3,2024-04-28 19:10:11,13,13,1,7.6923076923076925,Government,10 minutes
www.gov.uk,10 min 2\www.gov.uk\www.gov.uk_10_2_1,10 min 2\www.gov.uk\www.gov.uk_10_2_2,2024-04-28 13:59:09,3,3,0,0.0,Government,10 minutes
www.gov.uk,10 min 2\www.gov.uk\www.gov.uk_10_2_2,10 min 2\www.gov.uk\www.gov.uk_10_2_3,2024-04-28 14:09:24,3,3,0,0.0,Government,10 minutes
www.gov.uk,10 min 2\www.gov.uk\www.gov.uk_10_2_3,10 min 2\www.gov.uk\www.gov.uk_10_2_4,2024-04-28 14:19:39,3,3,0,0.0,Government,10 minutes
www.healthline.com,10 min 2\www.healthline.com\www.healthline.com_10_2_1,10 min 2\www.healthline.com\www.healthline.com_10_2_2,2024-04-28 14:00:28,38,38,20,52.63157894736842,Health,10 minutes
www.healthline.com,10 min 2\www.healthline.com\www.healthline.com_10_2_2,10 min 2\www.healthline.com\www.healthline.com_10_2_3,2024-04-28 14:11:39,38,38,0,0.0,Health,10 minutes
www.healthline.com,10 min 2\www.healthline.com\www.healthline.com_10_2_3,10 min 2\www.healthline.com\www.healthline.com_10_2_4,2024-04-28 14:22:41,38,38,0,0.0,Health,10 minutes
www.lemonde.fr,10 min 2\www.lemonde.fr\www.lemonde.fr_10_2_1,10 min 2\www.lemonde.fr\www.lemonde.fr_10_2_2,2024-04-28 13:59:42,24,26,0,0.0,News,10 minutes
www.lemonde.fr,10 min 2\www.lemonde.fr\www.lemonde.fr_10_2_2,10 min 2\www.lemonde.fr\www.lemonde.fr_10_2_3,2024-04-28 14:10:32,26,25,0,0.0,News,10 minutes
www.lemonde.fr,10 min 2\www.lemonde.fr\www.lemonde.fr_10_2_3,10 min 2\www.lemonde.fr\www.lemonde.fr_10_2_4,2024-04-28 14:21:20,25,25,0,0.0,News,10 minutes
www.livescore.com,10 min 2\www.livescore.com\www.livescore.com_10_2_1,10 min 2\www.livescore.com\www.livescore.com_10_2_2,2024-04-28 14:00:32,16,45,0,0.0,Sports,10 minutes
www.livescore.com,10 min 2\www.livescore.com\www.livescore.com_10_2_2,10 min 2\www.livescore.com\www.livescore.com_10_2_3,2024-04-28 14:11:23,45,45,0,0.0,Sports,10 minutes
www.livescore.com,10 min 2\www.livescore.com\www.livescore.com_10_2_3,10 min 2\www.livescore.com\www.livescore.com_10_2_4,2024-04-28 14:22:09,45,45,0,0.0,Sports,10 minutes
www.netflix.com,10 min 2\www.netflix.com\www.netflix.com_10_2_1,10 min 2\www.netflix.com\www.netflix.com_10_2_2,2024-04-28 19:04:37,7,7,0,0.0,Entertainment,10 minutes
www.netflix.com,10 min 2\www.netflix.com\www.netflix.com_10_2_2,10 min 2\www.netflix.com\www.netflix.com_10_2_3,2024-04-28 19:15:44,7,7,0,0.0,Entertainment,10 minutes
www.netflix.com,10 min 2\www.netflix.com\www.netflix.com_10_2_3,10 min 2\www.netflix.com\www.netflix.com_10_2_4,2024-04-28 19:26:40,7,7,0,0.0,Entertainment,10 minutes
www.nikkansports.com,10 min 2\www.nikkansports.com\www.nikkansports.com_10_2_1,10 min 2\www.nikkansports.com\www.nikkansports.com_10_2_2,2024-04-28 19:05:49,10,10,0,0.0,Sports,10 minutes
www.nikkansports.com,10 min 2\www.nikkansports.com\www.nikkansports.com_10_2_2,10 min 2\www.nikkansports.com\www.nikkansports.com_10_2_3,2024-04-28 19:17:22,10,10,0,0.0,Sports,10 minutes
www.nikkansports.com,10 min 2\www.nikkansports.com\www.nikkansports.com_10_2_3,10 min 2\www.nikkansports.com\www.nikkansports.com_10_2_4,2024-04-28 19:28:54,10,10,0,0.0,Sports,10 minutes
www.paypal.com,10 min 2\www.paypal.com\www.paypal.com_10_2_1,10 min 2\www.paypal.com\www.paypal.com_10_2_2,2024-04-28 14:13:07,7,6,6,85.71428571428571,Economy/Finance,10 minutes
www.paypal.com,10 min 2\www.paypal.com\www.paypal.com_10_2_2,10 min 2\www.paypal.com\www.paypal.com_10_2_3,2024-04-28 14:31:40,6,6,0,0.0,Economy/Finance,10 minutes
www.primevideo.com,10 min 2\www.primevideo.com\www.primevideo.com_10_2_1,10 min 2\www.primevideo.com\www.primevideo.com_10_2_2,2024-04-28 18:47:58,5,5,0,0.0,Entertainment,10 minutes
www.primevideo.com,10 min 2\www.primevideo.com\www.primevideo.com_10_2_2,10 min 2\www.primevideo.com\www.primevideo.com_10_2_3,2024-04-28 18:58:23,5,5,0,0.0,Entertainment,10 minutes
www.primevideo.com,10 min 2\www.primevideo.com\www.primevideo.com_10_2_3,10 min 2\www.primevideo.com\www.primevideo.com_10_2_4,2024-04-28 19:08:48,5,5,0,0.0,Entertainment,10 minutes
www.starhealth.in,10 min 2\www.starhealth.in\www.starhealth.in_10_2_1,10 min 2\www.starhealth.in\www.starhealth.in_10_2_2,2024-04-29 01:10:36,0,0,0,0.0,Health,10 minutes
www.starhealth.in,10 min 2\www.starhealth.in\www.starhealth.in_10_2_2,10 min 2\www.starhealth.in\www.starhealth.in_10_2_3,2024-04-29 01:21:06,0,0,0,0.0,Health,10 minutes
www.starhealth.in,10 min 2\www.starhealth.in\www.starhealth.in_10_2_3,10 min 2\www.starhealth.in\www.starhealth.in_10_2_4,2024-04-29 01:31:34,0,0,0,0.0,Health,10 minutes
www.tjk.org,10 min 2\www.tjk.org\www.tjk.org_10_2_1,10 min 2\www.tjk.org\www.tjk.org_10_2_2,2024-04-28 14:01:00,30,30,1,3.333333333333333,Weather,10 minutes
www.tjk.org,10 min 2\www.tjk.org\www.tjk.org_10_2_2,10 min 2\www.tjk.org\www.tjk.org_10_2_3,2024-04-28 14:12:42,30,30,1,3.333333333333333,Weather,10 minutes
www.tjk.org,10 min 2\www.tjk.org\www.tjk.org_10_2_3,10 min 2\www.tjk.org\www.tjk.org_10_2_4,2024-04-28 14:24:01,30,30,1,3.333333333333333,Weather,10 minutes
www.turkiye.gov.tr,10 min 2\www.turkiye.gov.tr\www.turkiye.gov.tr_10_2_1,10 min 2\www.turkiye.gov.tr\www.turkiye.gov.tr_10_2_2,2024-04-28 19:05:09,15,16,0,0.0,Government,10 minutes
www.turkiye.gov.tr,10 min 2\www.turkiye.gov.tr\www.turkiye.gov.tr_10_2_2,10 min 2\www.turkiye.gov.tr\www.turkiye.gov.tr_10_2_3,2024-04-28 19:17:09,16,16,0,0.0,Government,10 minutes
www.turkiye.gov.tr,10 min 2\www.turkiye.gov.tr\www.turkiye.gov.tr_10_2_3,10 min 2\www.turkiye.gov.tr\www.turkiye.gov.tr_10_2_4,2024-04-28 19:28:45,16,17,0,0.0,Government,10 minutes
www.typing.com,10 min 2\www.typing.com\www.typing.com_10_2_1,10 min 2\www.typing.com\www.typing.com_10_2_2,2024-04-28 14:00:29,20,20,0,0.0,Education,10 minutes
www.typing.com,10 min 2\www.typing.com\www.typing.com_10_2_2,10 min 2\www.typing.com\www.typing.com_10_2_3,2024-04-28 14:11:35,20,20,0,0.0,Education,10 minutes
www.typing.com,10 min 2\www.typing.com\www.typing.com_10_2_3,10 min 2\www.typing.com\www.typing.com_10_2_4,2024-04-28 14:22:37,20,20,0,0.0,Education,10 minutes
www.verywellhealth.com,10 min 2\www.verywellhealth.com\www.verywellhealth.com_10_2_1,10 min 2\www.verywellhealth.com\www.verywellhealth.com_10_2_2,2024-04-28 19:04:43,21,21,0,0.0,Health,10 minutes
www.verywellhealth.com,10 min 2\www.verywellhealth.com\www.verywellhealth.com_10_2_2,10 min 2\www.verywellhealth.com\www.verywellhealth.com_10_2_3,2024-04-28 19:15:30,21,21,0,0.0,Health,10 minutes
www.verywellhealth.com,10 min 2\www.verywellhealth.com\www.verywellhealth.com_10_2_3,10 min 2\www.verywellhealth.com\www.verywellhealth.com_10_2_4,2024-04-28 19:26:46,21,21,0,0.0,Health,10 minutes
